feature,importance
num__CRS_ARR_HOUR,0.12922542241845086
num__CRS_DEP_HOUR,0.1278339843160038
num__ORIGIN_PRCP,0.07026330238809131
num__DEST_PRCP,0.06719829740264549
num__DEST_WSF2,0.03142683259953984
num__ORIGIN_WSF2,0.026756864913291177
num__ORIGIN_TMIN,0.02658905263761529
num__ORIGIN_TMAX,0.024057361741491323
num__ORIGIN_TAVG,0.02257742384925028
num__MONTH,0.020496844994505815
num__DEST_TMIN,0.019264938517147348
cat__OP_UNIQUE_CARRIER_DL,0.017575261451132723
num__ORIGIN_Air_Carrier,0.017417855755132477
num__DEST_AWND,0.017410313257339213
num__DEST_TAVG,0.01731109864970131
num__ORIGIN_Total_Itinerant,0.016386699288258012
num__DEST_TMAX,0.016204005304209863
num__DEST_Air_Carrier,0.015461305348109279
num__ORIGIN_Total_Operations,0.014849267504791461
num__ORIGIN_AWND,0.014541365109776352
num__DEST_Total_Itinerant,0.013623350314800354
num__DEST_Total_Operations,0.0132350511445168
num__CRS_ELAPSED_TIME,0.012928927840528213
num__DISTANCE,0.012473490572758802
num__ORIGIN_Air_Taxi,0.012033874531612967
num__DEST_Air_Taxi,0.011469848632100321
num__ORIGIN_General_Aviation,0.010895455026853622
num__DEST_General_Aviation,0.010723107938085402
num__ORIGIN_SNWD,0.01041422204077463
num__ORIGIN_Military_Itinerant,0.009048342737984274
num__FL_DAY,0.008811889475593972
num__ORIGIN_Local_Total,0.006546884787671708
num__DEST_Military_Itinerant,0.006543329884739114
num__DAY_OF_WEEK,0.006466115151106265
num__ORIGIN_Local_Civil,0.005136737224429977
cat__OP_UNIQUE_CARRIER_B6,0.004583314830154187
cat__OP_UNIQUE_CARRIER_WN,0.003875076405697309
num__DEST_Local_Total,0.0038357431489607547
num__DEST_Local_Civil,0.0037867222740571083
cat__OP_UNIQUE_CARRIER_F9,0.0035997300212307964
num__DEST_SNWD,0.0028813392382369203
cat__DEST_STATE_ABR_GA,0.0028681595638245156
cat__DEST_STATE_ABR_CA,0.0024507694955085563
cat__DEST_ATL,0.00243432196135944
cat__DEST_SFO,0.002256091796559526
cat__ORIGIN_STATE_ABR_GA,0.0021321235995238282
cat__DEST_EWR,0.002116240575209133
cat__OP_UNIQUE_CARRIER_OO,0.002003725591835609
cat__ORIGIN_STATE_ABR_HI,0.0018251218374273003
cat__ORIGIN_ATL,0.0017173785216585305
num__ORIGIN_Local_Military,0.0016963999517293387
cat__ORIGIN_STATE_ABR_IL,0.0016794412049481503
cat__DEST_STATE_ABR_NJ,0.0015436396920685558
cat__ORIGIN_STATE_ABR_FL,0.001508717188261532
num__DEST_Local_Military,0.001493706456837957
cat__DEST_STATE_ABR_NY,0.0014399425382228908
cat__OP_UNIQUE_CARRIER_AA,0.0014146681142086584
cat__ORIGIN_STATE_ABR_CA,0.0013939365918349813
cat__DEST_STATE_ABR_UT,0.0013869769756101758
cat__DEST_STATE_ABR_HI,0.001376877294386982
cat__ORIGIN_ORD,0.0013757464538519803
cat__ORIGIN_STATE_ABR_UT,0.0012468217914157359
cat__DEST_SLC,0.0011420387487875237
cat__DEST_STATE_ABR_FL,0.001104962535870089
cat__ORIGIN_STATE_ABR_TX,0.0010664782104227802
cat__ORIGIN_MSP,0.001040066911128343
cat__DEST_LGA,0.00100653881911472
cat__ORIGIN_SLC,0.000998900344076947
cat__OP_UNIQUE_CARRIER_UA,0.0009937927249527641
cat__OP_UNIQUE_CARRIER_HA,0.0009023204940597454
cat__ORIGIN_EWR,0.000897167027147555
cat__OP_UNIQUE_CARRIER_NK,0.000874659342675849
cat__DEST_STATE_ABR_MN,0.0008611441064200687
cat__ORIGIN_STATE_ABR_NJ,0.0008592809870012896
cat__ORIGIN_SFO,0.000836121427614889
cat__DEST_STATE_ABR_TX,0.0007960586278007079
cat__OP_UNIQUE_CARRIER_YX,0.0007955824665063455
cat__ORIGIN_DFW,0.0007837072597205422
cat__OP_UNIQUE_CARRIER_G4,0.0007822639827730438
cat__DEST_MSP,0.0007709109401786469
cat__OP_UNIQUE_CARRIER_AS,0.0007669308667216107
cat__DEST_DFW,0.0007346345507916181
cat__OP_UNIQUE_CARRIER_EV,0.0007243956169642105
cat__DEST_STATE_ABR_MI,0.0007177550261120915
cat__OP_UNIQUE_CARRIER_9E,0.0006761402719474921
cat__ORIGIN_STATE_ABR_NY,0.0006756759115022102
cat__ORIGIN_DEN,0.0006622594431561405
cat__ORIGIN_STATE_ABR_MN,0.0006470060928526197
cat__DEST_STATE_ABR_IL,0.000632189639304587
cat__DEST_STATE_ABR_MA,0.0006027969211133103
cat__DEST_DTW,0.0005994221795939782
cat__ORIGIN_MCO,0.0005952710569824443
cat__DEST_LAX,0.0005935006436464472
cat__DEST_LAS,0.0005920473504564635
cat__ORIGIN_STATE_ABR_CO,0.0005869117593386989
cat__DEST_ORD,0.0005564877919190849
cat__ORIGIN_STATE_ABR_NV,0.0005554189569282607
cat__ORIGIN_LAX,0.0005375206191555558
cat__ORIGIN_STATE_ABR_NC,0.0005311600569884868
cat__DEST_BOS,0.0005306011872042741
cat__OP_UNIQUE_CARRIER_MQ,0.0005255407970340723
cat__ORIGIN_FLL,0.0005216118300115425
cat__ORIGIN_PHX,0.0005192766567808384
cat__DEST_MCO,0.0005106831503427062
cat__DEST_STATE_ABR_VA,0.000509187434306505
cat__ORIGIN_STATE_ABR_WA,0.0005029123886358086
cat__ORIGIN_DTW,0.0004999768986331342
cat__ORIGIN_HNL,0.0004901187209432387
cat__ORIGIN_CLT,0.00048571094254407234
cat__DEST_CLT,0.00048374346674622296
cat__DEST_STATE_ABR_CO,0.0004831637793983049
cat__ORIGIN_SEA,0.0004737941941112016
cat__DEST_STATE_ABR_NV,0.00047323554686526533
cat__DEST_STATE_ABR_MD,0.0004657102336011394
cat__DEST_IAH,0.0004472403848790129
cat__DEST_STATE_ABR_NC,0.00043945127588098065
cat__ORIGIN_STATE_ABR_AZ,0.00043396903285887223
cat__ORIGIN_JFK,0.00043137806232905923
cat__ORIGIN_MIA,0.00042906234001956656
cat__DEST_JFK,0.000426423748759045
cat__ORIGIN_STATE_ABR_OR,0.0004236587226350402
cat__ORIGIN_LAS,0.00041969750779075754
cat__DEST_OGG,0.00039914409167959505
cat__ORIGIN_STATE_ABR_MD,0.0003977274087042227
cat__ORIGIN_STATE_ABR_VA,0.0003787133253996368
cat__ORIGIN_STATE_ABR_MI,0.00036628056113275465
cat__ORIGIN_BOS,0.0003646374770205077
cat__DEST_STATE_ABR_PR,0.00035845341007264533
cat__DEST_STATE_ABR_TN,0.0003546637367798155
cat__DEST_SEA,0.0003500288222989615
cat__DEST_FLL,0.00034985344217594095
cat__ORIGIN_STATE_ABR_AK,0.00034858221559557417
cat__ORIGIN_MDW,0.00032450841350464734
cat__DEST_HNL,0.0003184437202499671
cat__DEST_BWI,0.0003182389751101329
cat__ORIGIN_LGA,0.0003166095943553987
cat__ORIGIN_IAH,0.0003164824770073267
cat__ORIGIN_STATE_ABR_PA,0.0003160558716045394
cat__DEST_STATE_ABR_WA,0.00031469044581281804
cat__DEST_STATE_ABR_OR,0.0003053179461182723
cat__DEST_STATE_ABR_MO,0.00029639664940761036
cat__ORIGIN_STATE_ABR_MO,0.00029631442903928543
cat__DEST_DEN,0.00028761954632345184
cat__DEST_OAK,0.0002872101090640634
cat__ORIGIN_STATE_ABR_MA,0.0002846529670138237
cat__DEST_STATE_ABR_AZ,0.00028410652192043174
cat__ORIGIN_BWI,0.00028251741824461915
cat__ORIGIN_STATE_ABR_TN,0.00027636006821865497
cat__DEST_PHX,0.00027437055279928217
cat__DEST_DCA,0.00027386821537892707
cat__ORIGIN_DCA,0.00027127647881417536
cat__DEST_STATE_ABR_PA,0.00026986370988821317
cat__ORIGIN_SAN,0.000265235879723664
cat__ORIGIN_STATE_ABR_OH,0.00026297912564518685
cat__ORIGIN_PDX,0.0002582887321359147
cat__DEST_SJU,0.0002571334020678174
cat__DEST_MIA,0.00025703836611455785
cat__DEST_STL,0.0002555946383018735
cat__ORIGIN_KOA,0.000251889977852347
cat__ORIGIN_OAK,0.0002509342763394724
cat__DEST_MCI,0.00024951530927015697
cat__ORIGIN_TPA,0.0002435781292013263
cat__DEST_IAD,0.00023883261842846612
cat__ORIGIN_SAT,0.00023861201495974053
cat__DEST_AUS,0.00023404828273202848
cat__DEST_PBI,0.00022799058827128188
cat__DEST_STATE_ABR_WI,0.00022721716484094603
cat__OP_UNIQUE_CARRIER_OH,0.00022342985867521186
cat__ORIGIN_STATE_ABR_WI,0.00022188527190297906
cat__DEST_PDX,0.00021633766839215414
cat__ORIGIN_STATE_ABR_LA,0.00021461605164001338
cat__DEST_PHL,0.0002083157827382614
cat__OP_UNIQUE_CARRIER_YV,0.00020739624755627668
cat__DEST_MDW,0.0002070786985217541
cat__DEST_SJC,0.00019908907716503364
cat__DEST_TPA,0.00019533383031615468
cat__ORIGIN_AUS,0.00019385892652606026
cat__DEST_STATE_ABR_KY,0.00019378444074099506
cat__ORIGIN_BNA,0.0001929790296916715
cat__ORIGIN_STATE_ABR_SC,0.00019277678744510969
cat__ORIGIN_PHL,0.00019215248964714378
cat__DEST_STATE_ABR_LA,0.00019199461808230508
cat__ORIGIN_DAL,0.00018933187766477673
cat__ORIGIN_STATE_ABR_IN,0.00018822828285748329
cat__ORIGIN_SJU,0.00018617443457408982
cat__DEST_SAN,0.0001843179661741838
cat__ORIGIN_OGG,0.00018315673349338855
cat__DEST_SNA,0.00018199256487134183
cat__ORIGIN_PIT,0.00018043365021293625
cat__ORIGIN_RDU,0.0001776383787149123
cat__ORIGIN_IND,0.00017573323230817963
cat__ORIGIN_STATE_ABR_OK,0.000173868076024681
cat__DEST_RDU,0.00017285286358562242
cat__ORIGIN_STATE_ABR_KY,0.00017228227903220948
cat__ORIGIN_STATE_ABR_ID,0.000171702761419008
cat__DEST_ASE,0.00017089455319946228
cat__ORIGIN_STATE_ABR_PR,0.00016869214831195825
cat__OP_UNIQUE_CARRIER_VX,0.00016758323314165644
cat__ORIGIN_MSY,0.000166665150955635
cat__ORIGIN_SMF,0.00016537649786098178
cat__DEST_BNA,0.00016521104913424074
cat__DEST_STATE_ABR_OH,0.00016198451452768283
cat__ORIGIN_IAD,0.00015674999303574193
cat__ORIGIN_MCI,0.00015636683979357288
cat__DEST_SAT,0.00015567505985690673
cat__DEST_STATE_ABR_IN,0.0001502827583671413
cat__DEST_SMF,0.00014867445821284937
cat__DEST_CVG,0.0001464102968244545
cat__DEST_STATE_ABR_SC,0.00014458807729860512
cat__DEST_MKE,0.00014195243100097526
cat__DEST_HOU,0.0001379796129093164
cat__DEST_STATE_ABR_ID,0.0001369477177214547
cat__ORIGIN_STL,0.00013622022172412126
cat__DEST_DAL,0.00013266024278956256
cat__DEST_IND,0.00012761483321306328
cat__DEST_STATE_ABR_OK,0.00012744892665015616
cat__ORIGIN_SNA,0.00012690988884723694
cat__ORIGIN_JAX,0.00012624013232013124
cat__ORIGIN_SDF,0.00012517629701628365
cat__ORIGIN_ITO,0.00012154029774707883
cat__ORIGIN_ANC,0.00011838019693430323
cat__OP_UNIQUE_CARRIER_US,0.00011685211432263022
cat__DEST_STATE_ABR_NM,0.00011651122073731479
cat__DEST_STATE_ABR_AL,0.00011571371217550177
cat__ORIGIN_LIH,0.0001143898884417998
cat__ORIGIN_PBI,0.00011337998776911246
cat__DEST_STATE_ABR_AK,0.00011327939646866157
cat__ORIGIN_TUS,0.00011270484862288129
cat__ORIGIN_SJC,0.00011240336942050306
cat__DEST_DSM,0.00011235718122960647
cat__DEST_MEM,0.00011011081188548747
cat__ORIGIN_CLE,0.00011007845638006854
cat__DEST_STATE_ABR_NE,0.00010969994214477152
cat__DEST_PIT,0.00010891522314105622
cat__DEST_HPN,0.0001080305794907588
cat__DEST_MSY,0.00010678036768175874
cat__ORIGIN_CMH,0.00010670686936425585
cat__DEST_BUF,0.00010668085695719542
cat__ORIGIN_BDL,0.00010667125256615531
cat__ORIGIN_RIC,0.00010601077427370474
cat__ORIGIN_SAV,0.00010503487735291235
cat__ORIGIN_STATE_ABR_IA,0.00010086469312007303
cat__DEST_STATE_ABR_CT,0.00010079954798297071
cat__DEST_CMH,0.00010041258980544392
cat__DEST_STATE_ABR_ND,9.860327528750936e-05
cat__DEST_CLE,9.828429411660012e-05
cat__DEST_STATE_ABR_MT,9.74082128210949e-05
cat__ORIGIN_STATE_ABR_AR,9.735463135552288e-05
cat__ORIGIN_STATE_ABR_NE,9.668329767960876e-05
cat__ORIGIN_RSW,9.56884443568969e-05
cat__ORIGIN_STATE_ABR_CT,9.51438837913773e-05
cat__DEST_BDL,9.437003188808072e-05
cat__ORIGIN_STATE_ABR_NM,9.323130668255353e-05
cat__ORIGIN_MKE,9.25819633706532e-05
cat__ORIGIN_PVD,9.137770884874686e-05
cat__DEST_RSW,9.130788717577415e-05
cat__DEST_SAV,9.008201231828164e-05
cat__DEST_ANC,9.003116850191391e-05
cat__ORIGIN_JAN,8.882497455027968e-05
cat__DEST_BUR,8.830715352313508e-05
cat__ORIGIN_MSN,8.830537676418851e-05
cat__DEST_TUS,8.708623955684956e-05
cat__ORIGIN_ONT,8.707341240649513e-05
cat__ORIGIN_STATE_ABR_AL,8.637868616966324e-05
cat__DEST_STATE_ABR_IA,8.504776622935784e-05
cat__DEST_JAX,8.42892789706023e-05
cat__ORIGIN_ABQ,8.291589669118628e-05
cat__ORIGIN_RNO,8.291256466786011e-05
cat__DEST_ICT,8.174695661806303e-05
cat__ORIGIN_OMA,8.142514555743896e-05
cat__ORIGIN_BUR,8.133231889620167e-05
cat__DEST_ITO,8.018575649983769e-05
cat__DEST_PGD,8.004843164462325e-05
cat__ORIGIN_BUF,8.000631641936104e-05
cat__ORIGIN_HPN,7.939913413660536e-05
cat__DEST_GRR,7.937405986400949e-05
cat__ORIGIN_ELP,7.840824594579848e-05
cat__ORIGIN_TUL,7.65843616295626e-05
cat__ORIGIN_STATE_ABR_ND,7.650613528474717e-05
cat__DEST_ABQ,7.613958459509031e-05
cat__DEST_OMA,7.564641640078946e-05
cat__DEST_BOI,7.480727741924238e-05
cat__DEST_STT,7.461197818561008e-05
cat__DEST_GEG,7.413343179665962e-05
cat__DEST_PVD,7.281532330511201e-05
cat__ORIGIN_HOU,7.222106012263658e-05
cat__DEST_ELP,7.202627124091739e-05
cat__ORIGIN_STATE_ABR_MT,7.18999524816804e-05
cat__DEST_KOA,7.175811419263477e-05
cat__ORIGIN_BOI,7.16426530388668e-05
cat__DEST_TYS,7.092413203617031e-05
cat__ORIGIN_SYR,7.061675573365842e-05
cat__DEST_SDF,6.997626496144665e-05
cat__ORIGIN_TYS,6.943563036836427e-05
cat__DEST_STATE_ABR_VI,6.890639836061131e-05
cat__ORIGIN_SFB,6.878492199491389e-05
cat__ORIGIN_HSV,6.845842641870669e-05
cat__DEST_RIC,6.837034678783189e-05
cat__ORIGIN_GSO,6.797057192792845e-05
cat__DEST_PSP,6.793731126418416e-05
cat__DEST_LGB,6.754959901748848e-05
cat__DEST_STATE_ABR_RI,6.593937454113101e-05
cat__ORIGIN_CVG,6.561133934212138e-05
cat__DEST_TUL,6.539899018628271e-05
cat__ORIGIN_STATE_ABR_RI,6.519384932510121e-05
cat__DEST_SRQ,6.41876470162067e-05
cat__DEST_HSV,6.317909338512098e-05
cat__DEST_STATE_ABR_SD,6.317238401842003e-05
cat__DEST_STATE_ABR_AR,6.300187568735282e-05
cat__ORIGIN_STATE_ABR_ME,6.256350557963902e-05
cat__DEST_GSO,6.155060294827671e-05
cat__ORIGIN_BIL,6.045250520736525e-05
cat__DEST_CAE,5.976080697390097e-05
cat__ORIGIN_MEM,5.942412846856729e-05
cat__ORIGIN_GRR,5.9191391365009474e-05
cat__ORIGIN_STATE_ABR_VT,5.918516175783487e-05
cat__ORIGIN_SHV,5.916349748860984e-05
cat__DEST_MYR,5.9055832526682246e-05
cat__ORIGIN_LEX,5.8670064733544594e-05
cat__DEST_BFL,5.6078178855525036e-05
cat__DEST_VPS,5.475044422897805e-05
cat__ORIGIN_CHS,5.3847086400550466e-05
cat__ORIGIN_ASE,5.332617999525204e-05
cat__ORIGIN_FSD,5.3165235887227296e-05
cat__ORIGIN_SBA,5.2398367484810386e-05
cat__ORIGIN_GSP,5.197705995340054e-05
cat__ORIGIN_ORF,5.1561723099045034e-05
cat__DEST_BTR,5.116006231311348e-05
cat__ORIGIN_PSP,5.089184001785038e-05
cat__ORIGIN_PWM,5.071037793150848e-05
cat__DEST_ALB,5.0693471771855926e-05
cat__DEST_OKC,5.06239440904349e-05
cat__DEST_ORF,5.038612966418227e-05
cat__DEST_PIE,5.028719773809356e-05
cat__ORIGIN_ALB,5.016575220559911e-05
cat__DEST_MSN,4.9513854504583023e-05
cat__DEST_MDT,4.913180728864015e-05
cat__ORIGIN_SRQ,4.907195754473189e-05
cat__ORIGIN_OKC,4.9010344609474786e-05
cat__DEST_CHA,4.850797260942453e-05
cat__ORIGIN_ISP,4.850779086829806e-05
cat__DEST_BHM,4.801388323056733e-05
cat__ORIGIN_LIT,4.7878839627840654e-05
cat__ORIGIN_GEG,4.783916924076006e-05
cat__DEST_ONT,4.7599736665412274e-05
cat__ORIGIN_BTR,4.7017824008198745e-05
cat__ORIGIN_STATE_ABR_MS,4.667580806809199e-05
cat__ORIGIN_LGB,4.596136469420068e-05
cat__DEST_STATE_ABR_MS,4.562425787668085e-05
cat__ORIGIN_STATE_ABR_VI,4.5536284851114795e-05
cat__ORIGIN_COS,4.49124732890179e-05
cat__ORIGIN_FAR,4.317596611033294e-05
cat__DEST_RNO,4.312902963918787e-05
cat__ORIGIN_FAT,4.300261307007299e-05
cat__DEST_ROC,4.271348735044483e-05
cat__ORIGIN_SBN,4.244153535696664e-05
cat__DEST_LBB,4.15659232877533e-05
cat__OP_UNIQUE_CARRIER_QX,4.122477456225795e-05
cat__DEST_FAR,4.105607745635328e-05
cat__ORIGIN_KTN,4.097639407905204e-05
cat__ORIGIN_LBB,4.0528531251386065e-05
cat__DEST_PNS,4.028748000350464e-05
cat__DEST_LIH,4.023210972239652e-05
cat__ORIGIN_DAY,3.97840563914074e-05
cat__ORIGIN_BHM,3.967046087247744e-05
cat__ORIGIN_STATE_ABR_NH,3.946620881757304e-05
cat__ORIGIN_AGS,3.939134191817749e-05
cat__DEST_STATE_ABR_ME,3.937995182960011e-05
cat__ORIGIN_MYR,3.907364950250633e-05
cat__ORIGIN_ROC,3.857836523588312e-05
cat__ORIGIN_LFT,3.8035422764908955e-05
cat__ORIGIN_STATE_ABR_SD,3.76911733034742e-05
cat__ORIGIN_AVL,3.7654884155654055e-05
cat__DEST_FAT,3.758915881812368e-05
cat__DEST_COS,3.731149334402738e-05
cat__DEST_SBA,3.716369248622433e-05
cat__DEST_STATE_ABR_KS,3.6734220328017086e-05
cat__DEST_STATE_ABR_VT,3.63838219501727e-05
cat__ORIGIN_SGF,3.563076759087875e-05
cat__DEST_ACV,3.562368982335023e-05
cat__ORIGIN_EYW,3.5563643380800965e-05
cat__DEST_LIT,3.5249906239106626e-05
cat__ORIGIN_CHA,3.5049155735329807e-05
cat__ORIGIN_RST,3.485578612856447e-05
cat__ORIGIN_STX,3.473324269595913e-05
cat__ORIGIN_DSM,3.4696552841828334e-05
cat__DEST_EYW,3.460539802083156e-05
cat__DEST_CHS,3.437891673746261e-05
cat__ORIGIN_XNA,3.3994943002042074e-05
cat__ORIGIN_STATE_ABR_WY,3.3887739522402546e-05
cat__ORIGIN_CID,3.3866197186268904e-05
cat__ORIGIN_GRB,3.383740627179059e-05
cat__ORIGIN_PIA,3.3475705226520614e-05
cat__ORIGIN_VPS,3.302497130795216e-05
cat__ORIGIN_TRI,3.2642230557473e-05
cat__ORIGIN_BTV,3.178605733161235e-05
cat__DEST_FSD,3.1660683175042516e-05
cat__DEST_SBN,3.052307289812214e-05
cat__DEST_DAY,3.0205226660100634e-05
cat__ORIGIN_FAI,3.0181293577961703e-05
cat__DEST_MAF,3.0047265396112576e-05
cat__ORIGIN_FWA,2.9815957865915642e-05
cat__DEST_SYR,2.974207308168121e-05
cat__DEST_XNA,2.949743286936845e-05
cat__ORIGIN_ILM,2.9275261738256282e-05
cat__ORIGIN_BZN,2.923202253301595e-05
cat__ORIGIN_AZO,2.8513934184232693e-05
cat__DEST_TLH,2.8076554868914196e-05
cat__DEST_ROA,2.7845971696449437e-05
cat__ORIGIN_MHT,2.766111943999622e-05
cat__ORIGIN_ICT,2.7654355352668684e-05
cat__DEST_ILM,2.6584399654214336e-05
cat__ORIGIN_STATE_ABR_KS,2.6517020754933054e-05
cat__DEST_BTV,2.6299365383079973e-05
cat__ORIGIN_BGR,2.6178494367790668e-05
cat__DEST_SFB,2.591689857999264e-05
cat__ORIGIN_MAF,2.5682476116081072e-05
cat__DEST_BIS,2.5475037843212694e-05
cat__DEST_LEX,2.5379347479458004e-05
cat__DEST_MLI,2.5205362014217777e-05
cat__ORIGIN_TLH,2.4981673222117624e-05
cat__DEST_EUG,2.481712271942634e-05
cat__DEST_BQN,2.4766381130073373e-05
cat__DEST_MFR,2.4145498662646132e-05
cat__ORIGIN_MLB,2.3958342194469402e-05
cat__DEST_BZN,2.3464012689785123e-05
cat__ORIGIN_JAC,2.329877451289608e-05
cat__DEST_AGS,2.3092255743810035e-05
cat__DEST_CAK,2.2997318664364082e-05
cat__ORIGIN_MGM,2.295846015695555e-05
cat__ORIGIN_CRP,2.284510648571604e-05
cat__DEST_COU,2.2758617795589793e-05
cat__ORIGIN_PNS,2.2686083272637198e-05
cat__DEST_STATE_ABR_WV,2.2560483803533037e-05
cat__ORIGIN_DAB,2.2239778963523837e-05
cat__DEST_RDM,2.2063870924095597e-05
cat__ORIGIN_CAE,2.1996405031854916e-05
cat__DEST_SHV,2.1961574184851617e-05
cat__DEST_JAN,2.1708324547655677e-05
cat__DEST_CID,2.1566410589539917e-05
cat__DEST_FWA,2.151241111034011e-05
cat__DEST_IDA,2.1318977659127264e-05
cat__ORIGIN_COU,2.1290199353456233e-05
cat__DEST_MHT,2.1168353253758474e-05
cat__ORIGIN_AMA,2.1141838648463957e-05
cat__ORIGIN_ECP,2.1133527049336532e-05
cat__ORIGIN_AZA,2.1079210790216732e-05
cat__ORIGIN_SGU,2.0987532365902613e-05
cat__DEST_TTN,2.095404131649334e-05
cat__DEST_PWM,2.0876018836370656e-05
cat__ORIGIN_GNV,2.084507472024658e-05
cat__ORIGIN_PGD,2.0842514536943205e-05
cat__ORIGIN_RDM,2.073584432131913e-05
cat__DEST_AMA,2.0705823960334843e-05
cat__DEST_STATE_ABR_WY,2.053331614605985e-05
cat__DEST_FNT,2.043395906836019e-05
cat__DEST_TRI,2.0403293926501334e-05
cat__DEST_GTF,2.0379088484831054e-05
cat__DEST_MSO,2.026570659316385e-05
cat__ORIGIN_CAK,2.021879429393074e-05
cat__DEST_MOB,2.0038776102247498e-05
cat__DEST_GRB,1.976129247046819e-05
cat__DEST_AVL,1.9668462926602568e-05
cat__ORIGIN_STT,1.892745087985142e-05
cat__DEST_AZA,1.8838854361287637e-05
cat__ORIGIN_ABI,1.8785289474626185e-05
cat__ORIGIN_TVC,1.8245607757729037e-05
cat__DEST_DLH,1.7979509785551217e-05
cat__ORIGIN_ROA,1.7852577005233887e-05
cat__ORIGIN_DLH,1.7665574953951265e-05
cat__ORIGIN_MLU,1.7175237043646465e-05
cat__ORIGIN_HLN,1.7137513531306504e-05
cat__ORIGIN_ACY,1.709763413005606e-05
cat__ORIGIN_IDA,1.6941916968421874e-05
cat__DEST_LNK,1.6801913657967348e-05
cat__ORIGIN_LNK,1.6797498566972126e-05
cat__ORIGIN_EVV,1.6782681173224335e-05
cat__DEST_MGM,1.6575402891368074e-05
cat__ORIGIN_BQN,1.6464523936384085e-05
cat__DEST_FAY,1.6398512990196933e-05
cat__ORIGIN_MOB,1.6359768645030807e-05
cat__DEST_AZO,1.5977350813071484e-05
cat__DEST_STATE_ABR_NH,1.5922583846251233e-05
cat__ORIGIN_AVP,1.55491898597783e-05
cat__DEST_AVP,1.539272381353167e-05
cat__ORIGIN_FNT,1.504015336893734e-05
cat__DEST_GSP,1.4847466236509927e-05
cat__DEST_ECP,1.4729001294845933e-05
cat__DEST_MRY,1.4726384561226948e-05
cat__ORIGIN_MBS,1.466811021626934e-05
cat__DEST_CRW,1.463113484429144e-05
cat__DEST_PVU,1.4562984184958611e-05
cat__DEST_BGR,1.4398474970101513e-05
cat__ORIGIN_EUG,1.4300735825270791e-05
cat__DEST_PSC,1.419844558936761e-05
cat__DEST_TVC,1.4174199789486423e-05
cat__ORIGIN_MFE,1.4172864135719379e-05
cat__DEST_LFT,1.4114718982318312e-05
cat__ORIGIN_MDT,1.4065355639973562e-05
cat__DEST_DAB,1.404579450052781e-05
cat__ORIGIN_LAN,1.3982642260425462e-05
cat__ORIGIN_TTN,1.3923967218698678e-05
cat__DEST_LAN,1.3811996865328645e-05
cat__DEST_AEX,1.380434278790166e-05
cat__ORIGIN_BIS,1.3753389780330884e-05
cat__DEST_RAP,1.369758530552197e-05
cat__ORIGIN_GPT,1.3642907500083257e-05
cat__DEST_CPR,1.3640626933858475e-05
cat__ORIGIN_SUN,1.3269556071866008e-05
cat__ORIGIN_MFR,1.3248079770204344e-05
cat__ORIGIN_BQK,1.2939205675483886e-05
cat__DEST_SJT,1.2856919384397713e-05
cat__ORIGIN_PIE,1.2663519587916858e-05
cat__DEST_BMI,1.263192009475977e-05
cat__ORIGIN_CHO,1.2501883578769015e-05
cat__ORIGIN_VLD,1.2303225394417806e-05
cat__DEST_GFK,1.2184906326327673e-05
cat__ORIGIN_AEX,1.2121283839062461e-05
cat__DEST_RHI,1.2069169793390635e-05
cat__DEST_ACY,1.2067780978238798e-05
cat__ORIGIN_SPI,1.1745720415638284e-05
cat__ORIGIN_WRG,1.147642793602412e-05
cat__DEST_ATW,1.1467532126610937e-05
cat__ORIGIN_JNU,1.1354703247461505e-05
cat__DEST_SGU,1.126299444946577e-05
cat__DEST_CSG,1.121452905082589e-05
cat__ORIGIN_GFK,1.1184351624685379e-05
cat__ORIGIN_MOT,1.1169040696175489e-05
cat__ORIGIN_PSC,1.1142259819821475e-05
cat__ORIGIN_ROW,1.1117273172622064e-05
cat__DEST_LSE,1.1033044092381745e-05
cat__ORIGIN_HDN,1.093976499704468e-05
cat__ORIGIN_MSO,1.0825997633295074e-05
cat__DEST_FAI,1.0785317093862528e-05
cat__DEST_GNV,1.0678844551648124e-05
cat__ORIGIN_BRO,1.0571141761571241e-05
cat__DEST_YAK,1.0270905499285072e-05
cat__ORIGIN_SIT,1.0203784299534957e-05
cat__DEST_PUB,1.0126296085794743e-05
cat__ORIGIN_RHI,9.986648531979795e-06
cat__ORIGIN_CWA,9.857000203986526e-06
cat__DEST_EVV,9.483475984109688e-06
cat__ORIGIN_ATW,9.346347686824794e-06
cat__ORIGIN_RAP,9.33457250826149e-06
cat__ORIGIN_ACV,9.277330949578283e-06
cat__DEST_FCA,9.254326835276816e-06
cat__DEST_RDD,9.056172351477124e-06
cat__ORIGIN_EGE,8.965580174039138e-06
cat__ORIGIN_DEC,8.935554519663104e-06
cat__DEST_OTH,8.934250741917482e-06
cat__DEST_PIH,8.756596288473607e-06
cat__DEST_BPT,8.677083453377157e-06
cat__DEST_SWF,8.286115572320399e-06
cat__ORIGIN_LBE,8.193059374015876e-06
cat__DEST_GRK,8.188757605563935e-06
cat__ORIGIN_USA,8.180547758323692e-06
cat__ORIGIN_CSG,8.102683176497773e-06
cat__DEST_GPT,8.06225732019952e-06
cat__DEST_TOL,7.643464481422055e-06
cat__DEST_RFD,7.553284142063403e-06
cat__ORIGIN_SBP,7.532133474060453e-06
cat__DEST_PAE,7.456792440978377e-06
cat__DEST_RKS,7.4266944424164416e-06
cat__DEST_MMH,7.425409649724001e-06
cat__ORIGIN_EWN,7.305557074643426e-06
cat__ORIGIN_GTF,7.2920196674506005e-06
cat__DEST_ROW,7.170731973909016e-06
cat__DEST_STATE_ABR_TT,7.07439170191367e-06
cat__DEST_HLN,7.073945035467213e-06
cat__ORIGIN_RDD,7.0334552664960934e-06
cat__ORIGIN_ABE,7.002973361374881e-06
cat__ORIGIN_ACK,6.877769069266951e-06
cat__DEST_BIL,6.858486295001491e-06
cat__DEST_SCC,6.788296920038029e-06
cat__DEST_TYR,6.784485122619359e-06
cat__DEST_BRO,6.763725538007614e-06
cat__DEST_LRD,6.726487415390403e-06
cat__DEST_FSM,6.630710517317479e-06
cat__DEST_SGF,6.596840124189801e-06
cat__ORIGIN_BMI,6.579121224512552e-06
cat__DEST_CRP,6.5055599127140855e-06
cat__DEST_CMI,6.487212823491159e-06
cat__DEST_CNY,6.406646809831327e-06
cat__ORIGIN_MQT,6.349554086821488e-06
cat__ORIGIN_SAF,6.265641888897916e-06
cat__ORIGIN_MLI,6.254843881678917e-06
cat__ORIGIN_DHN,6.221419181804675e-06
cat__DEST_SCE,6.173314751461165e-06
cat__DEST_COD,6.170319769669955e-06
cat__DEST_RST,6.1685290461682335e-06
cat__ORIGIN_BRD,6.131873166979321e-06
cat__ORIGIN_CLL,6.060880839780845e-06
cat__ORIGIN_CRW,6.0302571698549235e-06
cat__DEST_SWO,6.023878082179423e-06
cat__DEST_SBP,6.02309443295017e-06
cat__ORIGIN_SCK,6.009172506006513e-06
cat__DEST_JAC,5.9403959881545956e-06
cat__DEST_ISN,5.924527250084548e-06
cat__ORIGIN_GJT,5.837452067779088e-06
cat__ORIGIN_LRD,5.8186731314898475e-06
cat__DEST_BLV,5.673971136391631e-06
cat__ORIGIN_ADQ,5.669175794239908e-06
cat__DEST_LBE,5.59863843707366e-06
cat__ORIGIN_SJT,5.448906501886561e-06
cat__ORIGIN_APN,5.413259974629222e-06
cat__DEST_PIB,5.368155545053561e-06
cat__ORIGIN_SWF,5.312392231424891e-06
cat__DEST_ACT,5.233876553202618e-06
cat__DEST_CHO,5.152628142355423e-06
cat__ORIGIN_OAJ,5.113673797782268e-06
cat__DEST_SAF,5.10260207756955e-06
cat__DEST_ABE,5.0942965308342355e-06
cat__DEST_ISP,5.085228924468144e-06
cat__ORIGIN_CDV,5.011823228465872e-06
cat__DEST_GCC,4.96136540981313e-06
cat__DEST_ERI,4.917752247137485e-06
cat__ORIGIN_MRY,4.8709689169276586e-06
cat__DEST_HIB,4.833779171269749e-06
cat__DEST_ADQ,4.800321425381053e-06
cat__ORIGIN_BRW,4.707066041485049e-06
cat__ORIGIN_OTH,4.7034483565214405e-06
cat__DEST_KTN,4.464087919050803e-06
cat__ORIGIN_GTR,4.393934728974029e-06
cat__DEST_CMX,4.307907710313755e-06
cat__DEST_SPS,4.2472581358683615e-06
cat__ORIGIN_STS,4.2408034325458965e-06
cat__ORIGIN_PHF,4.228626054540626e-06
cat__DEST_ABY,4.180442825517126e-06
cat__DEST_PAH,4.131002400956861e-06
cat__DEST_FLG,4.129189918052657e-06
cat__ORIGIN_FLG,4.095829691168776e-06
cat__DEST_GTR,4.020532660892774e-06
cat__ORIGIN_BPT,4.016140105257113e-06
cat__ORIGIN_FAY,4.0131249174274054e-06
cat__ORIGIN_MVY,3.963385375430964e-06
cat__ORIGIN_ACT,3.926148757974666e-06
cat__ORIGIN_CDC,3.868074478367078e-06
cat__DEST_PSE,3.85509941729205e-06
cat__ORIGIN_STATE_ABR_TT,3.820085055509082e-06
cat__DEST_EGE,3.7626422481776263e-06
cat__DEST_ACK,3.748747864649549e-06
cat__DEST_WRG,3.7305650055186903e-06
cat__ORIGIN_ABY,3.5122625231754526e-06
cat__ORIGIN_DRO,3.4805251087168063e-06
cat__DEST_SUX,3.4086983843294206e-06
cat__DEST_PRC,3.4013588787904133e-06
cat__DEST_GCK,3.3976643765266686e-06
cat__ORIGIN_GGG,3.3333120192352947e-06
cat__ORIGIN_VEL,3.2398468384740815e-06
cat__ORIGIN_PSM,3.1796910821800816e-06
cat__ORIGIN_BGM,3.0100061094001905e-06
cat__DEST_UIN,2.894222905718436e-06
cat__ORIGIN_GRK,2.8900283259210336e-06
cat__DEST_GJT,2.8474387870411377e-06
cat__DEST_EAU,2.81953674702383e-06
cat__DEST_PIA,2.787899071577358e-06
cat__ORIGIN_LCH,2.763507727973855e-06
cat__DEST_IAG,2.726204619527203e-06
cat__DEST_OAJ,2.6634606291840944e-06
cat__DEST_ORH,2.639721263887587e-06
cat__ORIGIN_EKO,2.611867260226922e-06
cat__DEST_MBS,2.5986552287417366e-06
cat__ORIGIN_SPS,2.5256891282223226e-06
cat__DEST_MOT,2.5152114755893895e-06
cat__ORIGIN_YAK,2.4682688038143597e-06
cat__ORIGIN_HYS,2.454383418585861e-06
cat__DEST_LCH,2.451645487253017e-06
cat__DEST_DHN,2.4014623827414926e-06
cat__DEST_MHK,2.3846980056815516e-06
cat__ORIGIN_CPR,2.352314090106427e-06
cat__ORIGIN_LSE,2.3520564850931583e-06
cat__ORIGIN_STATE_ABR_WV,2.2773812209101416e-06
cat__DEST_DRO,2.259659286305006e-06
cat__ORIGIN_TXK,2.2286766281157948e-06
cat__DEST_PBG,2.109830265490794e-06
cat__ORIGIN_ORH,1.973601957700881e-06
cat__ORIGIN_ELM,1.846972905693794e-06
cat__DEST_JNU,1.8031396733213194e-06
cat__DEST_CWA,1.770453827745468e-06
cat__DEST_HDN,1.7670711443965384e-06
cat__DEST_MFE,1.7655542268913017e-06
cat__DEST_ABR,1.7120958833122442e-06
cat__DEST_MLU,1.6873676393330444e-06
cat__DEST_WYS,1.68731002838722e-06
cat__ORIGIN_BFL,1.4895857809411626e-06
cat__ORIGIN_HIB,1.4158172831887403e-06
cat__DEST_EKO,1.3557143663647254e-06
cat__DEST_OTZ,1.3023576895897685e-06
cat__ORIGIN_HRL,1.196004277906904e-06
cat__ORIGIN_TOL,1.1688892252343835e-06
cat__ORIGIN_GUM,1.1432234711724028e-06
cat__DEST_USA,1.111309591219002e-06
cat__DEST_TWF,1.0703823343240854e-06
cat__ORIGIN_OTZ,1.0003613247604125e-06
cat__DEST_BRD,9.76650108082702e-07
cat__DEST_ABI,9.471151828559769e-07
cat__DEST_BRW,7.919057119744948e-07
cat__ORIGIN_TWF,7.577160719301282e-07
cat__DEST_GUM,7.56673421399643e-07
cat__ORIGIN_SCC,7.067461967492397e-07
cat__DEST_ALO,6.771980387525299e-07
cat__DEST_STS,6.667608183910121e-07
cat__ORIGIN_LWS,5.684163342811898e-07
cat__DEST_HYS,4.776833767108084e-07
cat__ORIGIN_PSE,3.084861981665611e-07
cat__ORIGIN_PIH,2.951993351777427e-07
cat__DEST_ITH,2.2317389187667276e-07
cat__DEST_PPG,1.2097014857639738e-07
cat__DEST_SUN,9.386204935054271e-08
cat__DEST_STX,8.286601738100388e-08
cat__ORIGIN_CIU,3.2645167279268585e-08
cat__ORIGIN_IMT,2.80303906942459e-08
cat__DEST_BLI,3.3488411982484994e-09
cat__ORIGIN_CMI,3.334888769372472e-09
cat__DEST_MLB,1.077513528293076e-10
cat__DEST_JLN,1.642067894191056e-17
cat__ORIGIN_FSM,2.4695311095536364e-20
cat__ORIGIN_HTS,0.0
cat__ORIGIN_BLV,0.0
cat__ORIGIN_GST,0.0
cat__ORIGIN_FOD,0.0
cat__ORIGIN_BLI,0.0
cat__ORIGIN_CMX,0.0
cat__ORIGIN_CNY,0.0
cat__ORIGIN_COD,0.0
cat__ORIGIN_ATY,0.0
cat__DEST_TBN,0.0
cat__DEST_XWA,0.0
cat__ORIGIN_HVN,0.0
cat__ORIGIN_CLD,0.0
cat__ORIGIN_CKB,0.0
cat__ORIGIN_ART,0.0
cat__ORIGIN_GRI,0.0
cat__ORIGIN_ABR,0.0
cat__ORIGIN_CEC,0.0
cat__DEST_STATE_ABR_DE,0.0
cat__ORIGIN_STATE_ABR_DE,0.0
cat__ORIGIN_HYA,0.0
cat__DEST_STC,0.0
cat__ORIGIN_IAG,0.0
cat__ORIGIN_GCC,0.0
cat__ORIGIN_GCK,0.0
cat__DEST_SPN,0.0
cat__ORIGIN_CGI,0.0
cat__ORIGIN_CYS,0.0
cat__ORIGIN_GUC,0.0
cat__ORIGIN_DVL,0.0
cat__ORIGIN_EAR,0.0
cat__DEST_UST,0.0
cat__DEST_VCT,0.0
cat__ORIGIN_EAT,0.0
cat__DEST_VEL,0.0
cat__DEST_VLD,0.0
cat__ORIGIN_BFF,0.0
cat__ORIGIN_EAU,0.0
cat__ORIGIN_HGR,0.0
cat__DEST_YKM,0.0
cat__ORIGIN_AKN,0.0
cat__ORIGIN_ALS,0.0
cat__ORIGIN_ESC,0.0
cat__ORIGIN_ERI,0.0
cat__ORIGIN_ALO,0.0
cat__ORIGIN_FCA,0.0
cat__ORIGIN_DRT,0.0
cat__ORIGIN_BKG,0.0
cat__ORIGIN_BTM,0.0
cat__ORIGIN_BJI,0.0
cat__ORIGIN_HOB,0.0
cat__ORIGIN_BFM,0.0
cat__ORIGIN_BIH,0.0
cat__ORIGIN_BET,0.0
cat__ORIGIN_FLO,0.0
cat__ORIGIN_DBQ,0.0
cat__DEST_YUM,0.0
cat__ORIGIN_DDC,0.0
cat__ORIGIN_ADK,0.0
cat__ORIGIN_DIK,0.0
cat__DEST_TXK,0.0
cat__ORIGIN_ALW,0.0
cat__ORIGIN_DLG,0.0
cat__ORIGIN_HHH,0.0
cat__DEST_SPI,0.0
cat__DEST_AKN,0.0
cat__DEST_SMX,0.0
cat__DEST_FLO,0.0
cat__ORIGIN_SHR,0.0
cat__ORIGIN_SLN,0.0
cat__DEST_EWN,0.0
cat__ORIGIN_SMX,0.0
cat__DEST_ESC,0.0
cat__DEST_ELM,0.0
cat__DEST_EAT,0.0
cat__DEST_EAR,0.0
cat__DEST_DVL,0.0
cat__ORIGIN_SPN,0.0
cat__DEST_DRT,0.0
cat__DEST_DLG,0.0
cat__DEST_DIK,0.0
cat__ORIGIN_STC,0.0
cat__DEST_DEC,0.0
cat__ORIGIN_SHD,0.0
cat__DEST_FOD,0.0
cat__ORIGIN_IFP,0.0
cat__ORIGIN_SCE,0.0
cat__DEST_IFP,0.0
cat__ORIGIN_RFD,0.0
cat__DEST_HYA,0.0
cat__DEST_HVN,0.0
cat__DEST_HTS,0.0
cat__ORIGIN_RIW,0.0
cat__DEST_HRL,0.0
cat__ORIGIN_RKS,0.0
cat__DEST_HOB,0.0
cat__DEST_HHH,0.0
cat__DEST_HGR,0.0
cat__DEST_GUC,0.0
cat__DEST_GST,0.0
cat__DEST_GRI,0.0
cat__DEST_GGG,0.0
cat__DEST_DDC,0.0
cat__DEST_DBQ,0.0
cat__ORIGIN_SUX,0.0
cat__DEST_CYS,0.0
cat__ORIGIN_YKM,0.0
cat__ORIGIN_YUM,0.0
cat__DEST_BKG,0.0
cat__DEST_BJI,0.0
cat__DEST_BIH,0.0
cat__DEST_BGM,0.0
cat__DEST_BFM,0.0
cat__DEST_BFF,0.0
cat__DEST_BET,0.0
cat__DEST_ATY,0.0
cat__DEST_ADK,0.0
cat__DEST_ART,0.0
cat__DEST_APN,0.0
cat__DEST_ALW,0.0
cat__DEST_ALS,0.0
cat__DEST_BQK,0.0
cat__ORIGIN_XWA,0.0
cat__DEST_BTM,0.0
cat__ORIGIN_TYR,0.0
cat__ORIGIN_SWO,0.0
cat__ORIGIN_TBN,0.0
cat__DEST_CLL,0.0
cat__DEST_CLD,0.0
cat__DEST_CKB,0.0
cat__DEST_CIU,0.0
cat__DEST_CGI,0.0
cat__ORIGIN_WYS,0.0
cat__DEST_CEC,0.0
cat__DEST_CDV,0.0
cat__DEST_CDC,0.0
cat__ORIGIN_UIN,0.0
cat__ORIGIN_UST,0.0
cat__ORIGIN_VCT,0.0
cat__DEST_ILG,0.0
cat__ORIGIN_PVU,0.0
cat__DEST_IMT,0.0
cat__DEST_OME,0.0
cat__ORIGIN_LWB,0.0
cat__DEST_PUW,0.0
cat__ORIGIN_LYH,0.0
cat__DEST_PSM,0.0
cat__DEST_PSG,0.0
cat__DEST_PQI,0.0
cat__DEST_PLN,0.0
cat__ORIGIN_MCW,0.0
cat__DEST_PIR,0.0
cat__ORIGIN_MEI,0.0
cat__DEST_PHF,0.0
cat__DEST_PGV,0.0
cat__ORIGIN_MHK,0.0
cat__ORIGIN_MKG,0.0
cat__DEST_OWB,0.0
cat__DEST_RIW,0.0
cat__ORIGIN_LCK,0.0
cat__ORIGIN_LBL,0.0
cat__DEST_SHD,0.0
cat__DEST_SLN,0.0
cat__ORIGIN_ILG,0.0
cat__ORIGIN_INL,0.0
cat__DEST_SIT,0.0
cat__ORIGIN_ISN,0.0
cat__DEST_SHR,0.0
cat__ORIGIN_ITH,0.0
cat__ORIGIN_LBF,0.0
cat__ORIGIN_JLN,0.0
cat__ORIGIN_JMS,0.0
cat__DEST_SCK,0.0
cat__ORIGIN_JST,0.0
cat__ORIGIN_LAR,0.0
cat__ORIGIN_LAW,0.0
cat__ORIGIN_MMH,0.0
cat__DEST_OGS,0.0
cat__ORIGIN_PUW,0.0
cat__DEST_OGD,0.0
cat__ORIGIN_PIB,0.0
cat__ORIGIN_PIR,0.0
cat__DEST_LCK,0.0
cat__DEST_LBL,0.0
cat__DEST_LBF,0.0
cat__ORIGIN_PLN,0.0
cat__ORIGIN_PPG,0.0
cat__DEST_LAW,0.0
cat__ORIGIN_PRC,0.0
cat__DEST_LAR,0.0
cat__DEST_JST,0.0
cat__DEST_JMS,0.0
cat__ORIGIN_PSG,0.0
cat__ORIGIN_PUB,0.0
cat__DEST_INL,0.0
cat__DEST_LWB,0.0
cat__DEST_LWS,0.0
cat__DEST_LYH,0.0
cat__ORIGIN_OME,0.0
cat__DEST_MTJ,0.0
cat__ORIGIN_MTJ,0.0
cat__DEST_MQT,0.0
cat__ORIGIN_OGD,0.0
cat__DEST_MKG,0.0
cat__ORIGIN_OGS,0.0
cat__DEST_MGW,0.0
cat__ORIGIN_PGV,0.0
cat__DEST_MEI,0.0
cat__ORIGIN_OWB,0.0
cat__ORIGIN_PAE,0.0
cat__DEST_MCW,0.0
cat__ORIGIN_PAH,0.0
cat__ORIGIN_PBG,0.0
cat__DEST_MVY,0.0
